TF, Gene	Bulk	MicroArray
("Irf4", "0610007P14Rik")	true	true
("Batf", "0610012G03Rik")	true	false
("Hif1a", "0610012G03Rik")	true	true
("Batf", "1190002N15Rik")	true	true
("Irf4", "1190002N15Rik")	true	true
("Hif1a", "1190002N15Rik")	true	true
("Batf", "1600014C10Rik")	true	true
("Etv6", "1600014C10Rik")	false	false
("Batf", "Abcb9")	false	false
("Irf4", "Abcd3")	true	true
("Batf", "Abcg1")	true	true
("Fosl2", "Abcg1")	false	false
("Fosl2", "Acot13")	false	false
("Batf", "Acp5")	false	true
("Fosl2", "Acp5")	false	false
("Hif1a", "Acp5")	true	true
("Fosl2", "Acsbg1")	true	false
("Batf", "Acsl4")	true	false
("Irf4", "Acsl4")	true	true
("Fosl2", "Acsl4")	false	false
("Batf", "Acsl5")	true	true
("Irf4", "Acsl6")	false	false
("Stat3", "Acsl6")	false	false
("Rorc", "Acsl6")	false	false
("Fosl2", "Acsl6")	false	false
("Batf", "Adam19")	true	true
("Stat3", "Adam19")	true	true
("Rorc", "Adam19")	false	false
("Irf4", "Adarb1")	false	false
("Stat3", "Adarb1")	true	true
("Fosl2", "Adarb1")	false	false
("Fosl2", "Adora2a")	false	false
("Batf", "Aen")	true	true
("Fosl2", "Aen")	false	false
("Batf", "Ahnak")	true	true
("Irf4", "Ahnak")	false	false
("Stat3", "Ahnak")	false	false
("Fosl2", "Ahnak")	false	false
("Hif1a", "Ahnak")	true	false
("Batf", "Ahr")	false	false
("Irf4", "Ahr")	false	false
("Irf4", "Aig1")	false	false
("Stat3", "Aig1")	false	false
("Batf", "Aim1")	true	true
("Irf4", "Aim1")	false	false
("Stat3", "Aim1")	false	false
("Fosl2", "Aim1")	false	false
("Irf4", "Alcam")	false	false
("Fosl2", "Alcam")	true	true
("Stat3", "Aldoa")	false	false
("Hif1a", "Aldoa")	true	true
("Irf4", "Alpk2")	false	false
("Stat3", "Alpk2")	false	false
("Rorc", "Alpk2")	false	false
("Hif1a", "Alpk2")	false	false
("Etv6", "Alpk2")	false	false
("Irf4", "Angptl4")	false	false
("Hif1a", "Ankzf1")	true	false
("Batf", "Antxr2")	false	false
("Irf4", "Antxr2")	true	true
("Fosl2", "Antxr2")	true	true
("Batf", "Anxa11")	true	true
("Irf4", "Anxa11")	false	false
("Batf", "Anxa2")	true	true
("Irf4", "Anxa2")	false	false
("Rorc", "Anxa2")	false	false
("Hif1a", "Anxa2")	true	true
("Irf4", "Anxa4")	false	false
("Rorc", "Anxa4")	false	false
("Irf4", "Aqp3")	false	false
("Fosl2", "Aqp3")	false	false
("Irf4", "Arhgap12")	false	false
("Stat3", "Arhgap12")	false	false
("Batf", "Arhgap17")	false	false
("Hif1a", "Arhgdig")	true	true
("Irf4", "Arhgef3")	true	true
("Fosl2", "Arhgef3")	false	false
("Hif1a", "Arhgef3")	false	false
("Irf4", "Arid5a")	false	false
("Stat3", "Arid5a")	true	true
("Rorc", "Arid5a")	true	false
("Fosl2", "Arid5a")	false	false
("Hif1a", "Arid5a")	false	false
("Batf", "Arl4c")	true	false
("Irf4", "Arl4c")	true	true
("Stat3", "Arl4c")	false	false
("Fosl2", "Arl4c")	true	true
("Fosl2", "Arrb1")	false	false
("Hif1a", "Arrb1")	true	true
("Irf4", "Atf6")	false	false
("Stat3", "Atf6")	true	true
("Batf", "Atp1a1")	true	true
("Irf4", "Atp1a1")	false	false
("Fosl2", "Atp1a1")	true	true
("Rorc", "Auh")	false	false
("Fosl2", "Auh")	true	false
("Irf4", "Avpi1")	false	false
("Stat3", "Avpi1")	false	false
("Rorc", "Avpi1")	true	true
("Hif1a", "Avpi1")	true	true
("Fosl2", "B3gnt2")	false	false
("Irf4", "B4galnt1")	false	false
("Stat3", "B4galnt1")	false	false
("Fosl2", "B4galnt1")	true	false
("Rorc", "B4galt1")	false	false
("Fosl2", "B4galt1")	true	true
("Batf", "BC021614")	true	true
("Stat3", "BC021614")	true	true
("Fosl2", "BC021614")	false	false
("Irf4", "BC029722")	false	false
("Batf", "Batf")	false	false
("Stat3", "Batf")	true	true
("Fosl2", "Batf")	false	false
("Batf", "Bcl2")	true	true
("Stat3", "Bcl2")	false	true
("Rorc", "Bcl2")	false	false
("Fosl2", "Bcl2")	true	false
("Hif1a", "Bcl2")	true	true
("Batf", "Bcl2a1d")	true	true
("Irf4", "Bcl2a1d")	false	false
("Rorc", "Bcl2a1d")	false	false
("Fosl2", "Bcl2a1d")	false	false
("Rorc", "Bcl2l1")	false	false
("Fosl2", "Bcl2l1")	false	false
("Batf", "Bcl2l11")	false	false
("Irf4", "Bcl2l11")	false	false
("Rorc", "Bcl2l11")	false	false
("Fosl2", "Bcl2l11")	false	false
("Hif1a", "Bcl2l11")	false	false
("Irf4", "Bcl3")	false	false
("Stat3", "Bcl3")	true	true
("Rorc", "Bcl3")	false	false
("Hif1a", "Bcl3")	false	false
("Batf", "Bmp2k")	true	true
("Hif1a", "Bmpr1a")	true	true
("Hif1a", "Bnip3")	true	true
("Etv6", "C2cd2l")	false	false
("Irf4", "Capg")	false	false
("Stat3", "Capg")	true	true
("Fosl2", "Capg")	true	false
("Hif1a", "Capg")	false	false
("Batf", "Capn2")	true	true
("Rorc", "Capn2")	false	false
("Batf", "Casp3")	false	false
("Batf", "Casp6")	true	true
("Irf4", "Casp6")	true	true
("Stat3", "Casp6")	false	false
("Rorc", "Casp6")	false	false
("Fosl2", "Casp6")	false	false
("Irf4", "Cbx4")	false	false
("Batf", "Ccl20")	true	true
("Stat3", "Ccl20")	false	false
("Rorc", "Ccl20")	true	true
("Fosl2", "Ccl20")	false	false
("Batf", "Ccl3")	false	false
("Irf4", "Ccl3")	true	false
("Fosl2", "Ccl3")	false	false
("Batf", "Ccl4")	true	true
("Fosl2", "Ccl4")	false	false
("Fosl2", "Ccl5")	false	false
("Irf4", "Ccnd3")	false	false
("Hif1a", "Ccnd3")	false	false
("Irf4", "Ccng2")	false	false
("Fosl2", "Ccng2")	false	false
("Hif1a", "Ccng2")	true	true
("Irf4", "Ccr7")	true	true
("Stat3", "Ccr7")	false	false
("Rorc", "Ccr7")	false	false
("Fosl2", "Ccr7")	false	false
("Hif1a", "Ccr7")	false	false
("Irf4", "Ccr8")	false	false
("Rorc", "Ccr8")	false	false
("Fosl2", "Ccr8")	true	true
("Batf", "Cd2")	true	true
("Rorc", "Cd2")	false	false
("Fosl2", "Cd2")	false	false
("Hif1a", "Cd2")	true	true
("Batf", "Cd274")	true	true
("Irf4", "Cd274")	true	true
("Irf4", "Cd28")	false	false
("Stat3", "Cd28")	false	false
("Fosl2", "Cd28")	false	false
("Batf", "Cd44")	false	false
("Irf4", "Cd44")	true	true
("Fosl2", "Cd44")	false	false
("Irf4", "Cd47")	false	false
("Fosl2", "Cd47")	false	false
("Batf", "Cd5l")	false	false
("Irf4", "Cd5l")	false	false
("Stat3", "Cd5l")	false	false
("Fosl2", "Cd5l")	false	false
("Batf", "Cd83")	false	false
("Irf4", "Cd83")	true	true
("Stat3", "Cd83")	false	false
("Rorc", "Cd83")	false	false
("Fosl2", "Cd83")	true	true
("Fosl2", "Cd86")	true	true
("Fosl2", "Cd9")	false	false
("Irf4", "Cdc25b")	false	false
("Stat3", "Cdc25b")	false	false
("Batf", "Cdc42ep3")	true	true
("Stat3", "Cdk6")	true	true
("Hif1a", "Cdk6")	true	true
("Stat3", "Cdkn1b")	false	false
("Rorc", "Cdkn1b")	false	false
("Hif1a", "Cdkn1b")	true	false
("Batf", "Cdkn2c")	false	false
("Irf4", "Cdkn2d")	true	false
("Stat3", "Cdkn2d")	true	true
("Hif1a", "Cdkn2d")	true	false
("Rorc", "Celf2")	false	false
("Irf4", "Chd7")	false	false
("Stat3", "Chd7")	true	true
("Rorc", "Chd7")	false	false
("Fosl2", "Chd7")	false	true
("Batf", "Chm")	true	true
("Irf4", "Chm")	false	false
("Stat3", "Chm")	true	true
("Fosl2", "Chm")	false	false
("Stat3", "Chmp4b")	true	true
("Rorc", "Chmp4b")	false	false
("Hif1a", "Cish")	false	false
("Batf", "Clec2i")	true	true
("Irf4", "Clec2i")	true	true
("Fosl2", "Clec2i")	true	false
("Irf4", "Clic1")	false	false
("Stat3", "Clic1")	true	true
("Irf4", "Clic4")	false	false
("Hif1a", "Clk3")	true	false
("Hif1a", "Clybl")	true	true
("Batf", "Cmah")	true	true
("Irf4", "Cmas")	false	false
("Fosl2", "Cmas")	true	true
("Hif1a", "Cmas")	true	true
("Batf", "Cmtm7")	true	true
("Irf4", "Cmtm7")	true	true
("Stat3", "Cmtm7")	false	false
("Fosl2", "Cmtm7")	false	false
("Rorc", "Cndp2")	false	false
("Batf", "Cox17")	false	false
("Batf", "Cpd")	false	false
("Irf4", "Cpd")	false	false
("Stat3", "Cpd")	true	true
("Rorc", "Cpd")	false	false
("Batf", "Cpox")	false	false
("Irf4", "Cpox")	false	false
("Irf4", "Creb3l2")	false	false
("Fosl2", "Creb3l2")	false	false
("Batf", "Crem")	true	true
("Irf4", "Crem")	false	false
("Stat3", "Crem")	false	false
("Rorc", "Crem")	true	false
("Fosl2", "Crem")	false	false
("Hif1a", "Crem")	true	false
("Stat3", "Crip1")	false	false
("Hif1a", "Crip1")	true	true
("Fosl2", "Crtam")	true	false
("Irf4", "Cs")	false	false
("Batf", "Ctla2a")	true	true
("Irf4", "Ctla2a")	false	false
("Fosl2", "Ctla2a")	false	true
("Batf", "Ctla2b")	true	true
("Irf4", "Ctla2b")	false	false
("Rorc", "Ctla2b")	false	false
("Fosl2", "Ctla2b")	true	true
("Batf", "Ctla4")	true	true
("Irf4", "Ctla4")	false	false
("Stat3", "Ctla4")	true	true
("Fosl2", "Ctla4")	true	true
("Hif1a", "Ctla4")	true	false
("Batf", "Ctsb")	true	true
("Irf4", "Ctsb")	false	false
("Fosl2", "Ctsb")	false	false
("Stat3", "Ctsw")	false	false
("Hif1a", "Ctsw")	false	false
("Irf4", "Cxcl10")	true	false
("Fosl2", "Cxcl10")	false	false
("Batf", "Cxcr3")	true	true
("Stat3", "Cxcr3")	true	true
("Fosl2", "Cxcr3")	false	false
("Irf4", "Cxcr4")	false	false
("Hif1a", "Cxcr4")	true	false
("Irf4", "Cxcr6")	true	false
("Irf4", "Cyfip2")	false	false
("Stat3", "Cyfip2")	false	false
("Irf4", "Cyp11a1")	false	false
("Stat3", "Cyp11a1")	true	true
("Fosl2", "Cyp11a1")	false	false
("Batf", "Cysltr1")	true	false
("Irf4", "Cysltr1")	false	false
("Rorc", "Cysltr1")	true	true
("Fosl2", "Cysltr1")	false	false
("Hif1a", "Cysltr1")	true	true
("Batf", "Cyth1")	true	true
("Rorc", "Cyth1")	false	false
("Irf4", "Cyth3")	true	true
("Fosl2", "D930015E06Rik")	false	false
("Stat3", "Dctn4")	false	false
("Batf", "Ddit3")	false	true
("Irf4", "Ddit3")	false	false
("Stat3", "Ddit3")	false	false
("Fosl2", "Ddit3")	false	false
("Hif1a", "Ddit3")	true	true
("Irf4", "Ddit4")	false	false
("Stat3", "Ddit4")	false	false
("Hif1a", "Ddit4")	true	true
("Batf", "Ddr1")	false	true
("Irf4", "Ddr1")	false	false
("Stat3", "Ddr1")	true	true
("Fosl2", "Ddr1")	true	true
("Batf", "Dgat1")	true	true
("Irf4", "Dgat1")	false	false
("Stat3", "Dgat1")	false	false
("Hif1a", "Dgat1")	false	false
("Irf4", "Dhrs1")	false	false
("Batf", "Dnmt3a")	true	true
("Irf4", "Dnmt3a")	false	false
("Stat3", "Dnmt3a")	false	false
("Batf", "Dpp4")	false	false
("Rorc", "Dpp4")	false	false
("Fosl2", "Dpp4")	true	true
("Batf", "Dst")	true	true
("Fosl2", "Dst")	true	true
("Batf", "Dusp14")	true	true
("Fosl2", "Dusp14")	false	false
("Batf", "Dusp2")	true	true
("Irf4", "Dusp2")	true	true
("Fosl2", "Dusp2")	true	true
("Irf4", "Dusp22")	false	false
("Fosl2", "Dusp22")	true	true
("Batf", "Dusp6")	false	false
("Irf4", "Dusp6")	false	false
("Stat3", "Dusp6")	false	false
("Rorc", "Dusp6")	false	false
("Etv6", "Dusp6")	false	true
("Hif1a", "E330009J07Rik")	true	true
("Fosl2", "Ece1")	false	false
("Batf", "Ecm1")	false	false
("Irf4", "Ecm1")	false	false
("Fosl2", "Ecm1")	true	true
("Batf", "Edem1")	true	true
("Irf4", "Edem1")	false	false
("Hif1a", "Egln1")	true	true
("Irf4", "Egln3")	false	false
("Stat3", "Egln3")	true	true
("Rorc", "Egln3")	false	false
("Fosl2", "Egln3")	false	false
("Hif1a", "Egln3")	true	true
("Stat3", "Egr2")	false	false
("Rorc", "Egr2")	false	false
("Fosl2", "Egr2")	false	false
("Rorc", "Egr3")	false	false
("Nfe2l2", "Egr3")	false	false
("Batf", "Ehd3")	true	true
("Fosl2", "Ehd3")	true	false
("Stat3", "Ehd4")	false	false
("Fosl2", "Eid1")	true	false
("Hif1a", "Eid1")	true	true
("Batf", "Eif4e3")	true	true
("Rorc", "Eif4e3")	true	true
("Fosl2", "Eif4e3")	false	false
("Irf4", "Ell2")	true	false
("Batf", "Emb")	true	true
("Stat3", "Emb")	true	true
("Batf", "Emp1")	true	true
("Irf4", "Emp1")	false	false
("Stat3", "Emp1")	false	false
("Rorc", "Emp1")	false	false
("Fosl2", "Emp1")	false	false
("Irf4", "Emp3")	false	false
("Fosl2", "Emp3")	true	true
("Batf", "Endod1")	false	false
("Irf4", "Endod1")	true	true
("Irf4", "Eno3")	false	true
("Stat3", "Eno3")	false	false
("Rorc", "Eno3")	false	false
("Fosl2", "Eno3")	true	true
("Batf", "Erc1")	true	true
("Irf4", "Erc1")	true	true
("Batf", "Ermp1")	true	true
("Irf4", "Ermp1")	true	false
("Fosl2", "Ermp1")	true	true
("Hif1a", "Ero1l")	true	true
("Batf", "Ets1")	true	true
("Fosl2", "Ets1")	true	true
("Hif1a", "Ets1")	true	false
("Batf", "Ets2")	false	false
("Rorc", "Ets2")	false	false
("Irf4", "Etv6")	false	false
("Stat3", "Etv6")	true	true
("Batf", "Evi2a")	false	false
("Hif1a", "Exosc8")	true	true
("Irf4", "Extl3")	false	true
("Fosl2", "Extl3")	true	true
("Hif1a", "Fam114a2")	true	false
("Rorc", "Fam3c")	false	false
("Irf4", "Fas")	true	true
("Rorc", "Fas")	false	false
("Hif1a", "Fau")	true	true
("Fosl2", "Fbxo11")	true	true
("Batf", "Fbxo4")	true	false
("Batf", "Fes")	false	false
("Irf4", "Fes")	false	false
("Stat3", "Fes")	false	false
("Batf", "Flna")	false	true
("Batf", "Flot1")	true	true
("Irf4", "Flot1")	false	false
("Stat3", "Flot1")	true	true
("Rorc", "Flot1")	false	false
("Fosl2", "Flot1")	false	false
("Hif1a", "Flot1")	false	true
("Batf", "Flot2")	true	true
("Irf4", "Flot2")	false	false
("Stat3", "Flot2")	false	false
("Fosl2", "Flt3l")	false	false
("Hif1a", "Flt3l")	false	false
("Etv6", "Flt3l")	false	false
("Stat3", "Fosl2")	true	false
("Hif1a", "Fosl2")	false	false
("Etv6", "Fosl2")	false	false
("Batf", "Foxo1")	true	true
("Irf4", "Foxo1")	true	true
("Stat3", "Foxo1")	false	false
("Rorc", "Foxo1")	false	false
("Fosl2", "Foxo1")	false	false
("Hif1a", "Foxo1")	false	false
("Irf4", "Foxp1")	true	true
("Batf", "Frmd4b")	true	true
("Irf4", "Frmd4b")	false	false
("Stat3", "Frmd4b")	true	true
("Rorc", "Frmd4b")	false	false
("Batf", "Fth1")	true	true
("Stat3", "Fth1")	false	false
("Fosl2", "Fth1")	true	true
("Batf", "Furin")	false	false
("Irf4", "Furin")	false	false
("Stat3", "Furin")	false	false
("Rorc", "Furin")	false	false
("Hif1a", "Furin")	false	false
("Stat3", "Fyco1")	false	false
("Fosl2", "Fyco1")	false	false
("Batf", "Fyn")	true	true
("Irf4", "Fyn")	true	true
("Batf", "Gadd45g")	true	true
("Hif1a", "Gadd45g")	true	true
("Hif1a", "Galk1")	true	true
("Batf", "Galnt3")	false	false
("Irf4", "Galnt3")	false	false
("Fosl2", "Galnt3")	false	false
("Batf", "Gap43")	true	true
("Fosl2", "Gap43")	false	false
("Batf", "Gart")	false	false
("Irf4", "Gata3")	true	false
("Irf4", "Gatm")	false	false
("Hif1a", "Gatm")	true	true
("Stat3", "Gbp2")	true	true
("Fosl2", "Gbp2")	true	true
("Batf", "Gbp4")	false	false
("Irf4", "Gbp4")	false	false
("Stat3", "Gbp4")	true	true
("Rorc", "Gbp4")	false	false
("Fosl2", "Gbp4")	false	false
("Nfe2l2", "Gbp4")	false	false
("Batf", "Gem")	true	true
("Stat3", "Gem")	true	true
("Rorc", "Gem")	false	false
("Batf", "Gemin6")	false	false
("Batf", "Gfi1")	true	true
("Irf4", "Gfi1")	false	false
("Batf", "Ggta1")	true	false
("Rorc", "Gimap4")	false	false
("Hif1a", "Gimap4")	true	false
("Irf4", "Gimap7")	false	false
("Fosl2", "Gimap7")	false	false
("Hif1a", "Gimap7")	true	false
("Stat3", "Gla")	false	false
("Batf", "Glipr1")	false	false
("Irf4", "Glipr1")	true	true
("Fosl2", "Glipr1")	false	false
("Fosl2", "Gltscr2")	true	true
("Batf", "Gmfg")	true	true
("Irf4", "Gmfg")	false	false
("Stat3", "Gmfg")	false	false
("Fosl2", "Gmfg")	false	false
("Batf", "Gnb5")	true	true
("Stat3", "Gnb5")	false	false
("Batf", "Gnpda1")	true	true
("Irf4", "Gnpda1")	false	false
("Stat3", "Gnpda1")	false	false
("Rorc", "Gnptab")	false	false
("Irf4", "Got1")	false	false
("Fosl2", "Gpatch4")	false	false
("Rorc", "Gpr146")	false	false
("Fosl2", "Gpr146")	false	false
("Hif1a", "Gpr146")	false	false
("Batf", "Gpr65")	true	true
("Irf4", "Gpr65")	false	false
("Stat3", "Gpr65")	true	true
("Irf4", "Gpsm2")	false	false
("Stat3", "Gpsm2")	false	false
("Batf", "Grina")	true	true
("Irf4", "Grina")	false	false
("Stat3", "Grina")	false	false
("Fosl2", "Grina")	false	false
("Etv6", "Gripap1")	false	false
("Irf4", "Grn")	false	false
("Batf", "Gsn")	true	true
("Irf4", "Gsn")	false	false
("Irf4", "Gypc")	false	false
("Stat3", "Gypc")	true	true
("Rorc", "Gypc")	false	false
("Fosl2", "Gypc")	false	false
("Rorc", "Gzmb")	false	false
("Irf4", "H1f0")	false	false
("Rorc", "H1f0")	false	false
("Hif1a", "H2-Ab1")	true	true
("Hif1a", "Helb")	true	false
("Batf", "Hemk1")	false	false
("Irf4", "Hemk1")	false	false
("Stat3", "Hemk1")	true	true
("Fosl2", "Hemk1")	false	false
("Hif1a", "Hemk1")	true	true
("Hif1a", "Hexb")	true	true
("Batf", "Hif1a")	true	true
("Irf4", "Hif1a")	false	false
("Stat3", "Hif1a")	true	true
("Rorc", "Hif1a")	false	false
("Fosl2", "Hif1a")	false	false
("Hif1a", "Higd1a")	true	true
("Irf4", "Hk1")	false	false
("Hif1a", "Hk1")	true	true
("Irf4", "Hk2")	false	false
("Stat3", "Hk2")	true	true
("Hif1a", "Hk2")	true	true
("Hif1a", "Hmgcl")	true	true
("Irf4", "Hook2")	false	false
("Stat3", "Hook2")	true	true
("Batf", "Hspa4l")	true	false
("Fosl2", "Hspa4l")	false	false
("Batf", "Hvcn1")	true	true
("Irf4", "Hvcn1")	false	false
("Rorc", "Hvcn1")	true	false
("Fosl2", "Hvcn1")	false	false
("Stat3", "Icam1")	true	true
("Etv6", "Icam1")	false	false
("Irf4", "Icam2")	false	false
("Batf", "Id2")	true	false
("Irf4", "Id2")	false	false
("Stat3", "Id2")	false	false
("Hif1a", "Id2")	true	false
("Irf4", "Ier3")	false	false
("Stat3", "Ier3")	false	false
("Fosl2", "Ier3")	false	false
("Hif1a", "Ier3")	true	true
("Batf", "Ifi203")	false	false
("Irf4", "Ifi203")	true	true
("Stat3", "Ifi203")	false	false
("Rorc", "Ifi203")	false	false
("Fosl2", "Ifi203")	true	true
("Fosl2", "Ifih1")	false	false
("Fosl2", "Ifit1")	false	false
("Fosl2", "Ifitm3")	false	false
("Batf", "Ift57")	false	false
("Irf4", "Ift57")	false	false
("Batf", "Igf2bp3")	true	true
("Fosl2", "Igf2bp3")	false	false
("Batf", "Igf2r")	true	false
("Irf4", "Igf2r")	false	true
("Batf", "Igfbp4")	false	true
("Stat3", "Igfbp4")	true	true
("Etv6", "Igfbp4")	false	false
("Batf", "Igfbp7")	true	true
("Irf4", "Igfbp7")	false	false
("Rorc", "Igfbp7")	false	false
("Fosl2", "Igfbp7")	false	false
("Batf", "Igtp")	false	false
("Stat3", "Igtp")	false	false
("Fosl2", "Igtp")	true	true
("Fosl2", "Ikbke")	true	false
("Batf", "Ikzf4")	false	true
("Hif1a", "Ikzf4")	false	false
("Batf", "Il10")	true	true
("Irf4", "Il10")	false	false
("Stat3", "Il10")	false	false
("Rorc", "Il10")	false	false
("Etv6", "Il10")	false	false
("Batf", "Il12rb1")	false	false
("Irf4", "Il12rb1")	true	true
("Stat3", "Il12rb1")	true	true
("Rorc", "Il12rb1")	false	false
("Fosl2", "Il12rb1")	false	false
("Irf4", "Il12rb2")	false	false
("Rorc", "Il12rb2")	false	false
("Fosl2", "Il12rb2")	false	false
("Hif1a", "Il12rb2")	true	true
("Stat3", "Il15ra")	false	false
("Batf", "Il17a")	true	false
("Irf4", "Il17a")	false	false
("Stat3", "Il17a")	true	true
("Rorc", "Il17a")	true	true
("Fosl2", "Il17a")	false	false
("Hif1a", "Il17a")	false	false
("Etv6", "Il17a")	false	false
("Irf4", "Il18r1")	false	false
("Fosl2", "Il18r1")	false	false
("Batf", "Il1r1")	true	true
("Stat3", "Il1r1")	true	true
("Rorc", "Il1r1")	true	true
("Fosl2", "Il1r1")	false	false
("Batf", "Il1rn")	false	true
("Rorc", "Il1rn")	false	false
("Batf", "Il21")	false	false
("Irf4", "Il21")	false	false
("Stat3", "Il21")	true	true
("Fosl2", "Il21")	false	false
("Batf", "Il24")	true	false
("Irf4", "Il24")	false	false
("Stat3", "Il24")	true	true
("Rorc", "Il24")	false	false
("Fosl2", "Il24")	false	false
("Stat3", "Il2ra")	true	true
("Fosl2", "Il2ra")	false	false
("Hif1a", "Il2ra")	false	false
("Irf4", "Il2rb")	false	false
("Hif1a", "Il2rb")	false	false
("Stat3", "Il4ra")	false	true
("Rorc", "Il4ra")	false	false
("Fosl2", "Il4ra")	true	true
("Hif1a", "Il4ra")	false	false
("Batf", "Il7r")	true	true
("Irf4", "Il7r")	false	false
("Stat3", "Il7r")	false	false
("Rorc", "Il7r")	false	false
("Fosl2", "Il7r")	true	true
("Batf", "Il9")	false	false
("Irf4", "Il9")	false	false
("Stat3", "Il9")	false	false
("Rorc", "Il9")	false	false
("Batf", "Impa2")	false	false
("Hif1a", "Impa2")	true	true
("Hif1a", "Impdh1")	false	false
("Hif1a", "Ing2")	true	true
("Batf", "Inhba")	false	false
("Batf", "Inpp5a")	false	false
("Rorc", "Inpp5b")	true	false
("Batf", "Iqgap2")	false	false
("Rorc", "Iqgap2")	false	false
("Fosl2", "Iqgap2")	false	false
("Irf4", "Irf4")	false	false
("Stat3", "Irf4")	true	true
("Fosl2", "Irf4")	false	false
("Irf4", "Isg20")	true	true
("Batf", "Itga3")	true	false
("Irf4", "Itga3")	false	false
("Stat3", "Itga3")	false	false
("Rorc", "Itga3")	true	true
("Hif1a", "Itga3")	true	true
("Fosl2", "Itgb1")	false	false
("Rorc", "Itgb7")	false	false
("Fosl2", "Itgb7")	true	false
("Irf4", "Itpk1")	false	false
("Batf", "Itpr1")	true	true
("Irf4", "Itpr1")	false	false
("Fosl2", "Itpr1")	true	true
("Fosl2", "Itpr3")	false	false
("Batf", "Jak2")	true	true
("Stat3", "Jak2")	false	true
("Stat3", "Jak3")	true	true
("Hif1a", "Jak3")	true	true
("Hif1a", "Jmjd6")	true	true
("Batf", "Kcna3")	true	true
("Irf4", "Kcna3")	false	false
("Stat3", "Kcna3")	false	false
("Rorc", "Kcna3")	true	false
("Fosl2", "Kcna3")	false	false
("Etv6", "Kcna3")	true	true
("Rorc", "Kcnmb4")	true	true
("Stat3", "Kctd12")	false	false
("Rorc", "Kctd12")	false	false
("Irf4", "Kctd17")	false	false
("Batf", "Kdelc1")	false	false
("Irf4", "Kif3a")	false	false
("Stat3", "Kif3a")	false	false
("Irf4", "Klf10")	false	false
("Stat3", "Klf10")	false	false
("Stat3", "Klf13")	false	false
("Batf", "Klf2")	true	true
("Batf", "Klf3")	false	false
("Irf4", "Klf4")	false	true
("Rorc", "Lactb")	false	false
("Batf", "Lbh")	false	false
("Fosl2", "Lbh")	true	false
("Hif1a", "Lbh")	false	false
("Batf", "Lgals1")	true	true
("Irf4", "Lgals1")	false	false
("Stat3", "Lgals1")	false	false
("Fosl2", "Lgals1")	false	false
("Irf4", "Lgals7")	false	false
("Fosl2", "Lgals7")	false	false
("Batf", "Lif")	false	false
("Irf4", "Lif")	true	true
("Stat3", "Lif")	true	true
("Rorc", "Lif")	true	true
("Hif1a", "Lif")	true	true
("Etv6", "Lif")	false	false
("Batf", "Lime1")	false	false
("Batf", "Lmna")	false	false
("Irf4", "Lmna")	true	true
("Stat3", "Lmna")	false	false
("Fosl2", "Lmna")	true	true
("Etv6", "Lmna")	false	false
("Fosl2", "Lpin2")	false	false
("Batf", "Lpp")	true	true
("Stat3", "Lpp")	true	true
("Batf", "Lpxn")	true	true
("Irf4", "Lpxn")	false	false
("Stat3", "Lpxn")	false	false
("Fosl2", "Lpxn")	false	false
("Batf", "Lrba")	true	true
("Irf4", "Lrba")	false	false
("Batf", "Lrmp")	true	true
("Irf4", "Lrmp")	false	false
("Stat3", "Lrmp")	false	false
("Irf4", "Lrrc59")	false	false
("Irf4", "Lrrfip1")	false	false
("Stat3", "Lrrfip1")	true	true
("Fosl2", "Lrrfip1")	false	false
("Batf", "Lsp1")	false	false
("Irf4", "Lsp1")	true	true
("Rorc", "Lsp1")	false	false
("Stat3", "Lta")	true	true
("Rorc", "Lta")	false	false
("Fosl2", "Lta")	false	false
("Hif1a", "Lta")	false	false
("Stat3", "Ltb")	true	false
("Fosl2", "Ltb")	true	false
("Hif1a", "Ltb")	true	false
("Rorc", "Ly6a")	false	false
("Fosl2", "Ly6a")	false	false
("Rorc", "Ly6c1")	false	false
("Fosl2", "Ly6c1")	false	false
("Rorc", "Maff")	false	false
("Hif1a", "Maff")	true	false
("Irf4", "Map3k1")	false	false
("Stat3", "Map3k1")	false	false
("Hif1a", "Map3k1")	true	false
("Stat3", "Map3k5")	true	true
("Rorc", "Map3k5")	false	false
("Batf", "Map3k8")	false	false
("Irf4", "Map3k8")	false	false
("Stat3", "Map3k8")	false	true
("Irf4", "Map4k4")	false	false
("Rorc", "Map4k4")	false	false
("Batf", "Mapk14")	false	false
("Irf4", "Mapk14")	false	false
("Stat3", "Mapk14")	true	true
("Rorc", "Mapk14")	false	false
("Batf", "Mapkapk2")	false	false
("Batf", "Mapkbp1")	false	false
("Fosl2", "Mapkbp1")	false	false
("Rorc", "Marcks")	false	false
("Batf", "Marcksl1")	false	false
("Hif1a", "Max")	false	false
("Batf", "Mbp")	true	true
("Fosl2", "Me2")	false	false
("Hif1a", "Me2")	true	false
("Batf", "Mgll")	false	false
("Irf4", "Mgll")	true	true
("Stat3", "Mgll")	true	true
("Rorc", "Mgll")	true	false
("Fosl2", "Mgll")	false	false
("Hif1a", "Mllt6")	false	false
("Irf4", "Mmd")	false	false
("Stat3", "Mpzl2")	false	false
("Etv6", "Mpzl2")	false	false
("Batf", "Ms4a4b")	true	true
("Irf4", "Ms4a4b")	true	true
("Fosl2", "Ms4a4b")	false	false
("Rorc", "Ms4a6c")	false	false
("Fosl2", "Ms4a6c")	false	false
("Irf4", "Mtss1")	false	false
("Batf", "Mxi1")	true	true
("Irf4", "Mxi1")	false	false
("Fosl2", "Mxi1")	true	false
("Hif1a", "Mxi1")	true	true
("Irf4", "Myb")	false	false
("Rorc", "Myb")	true	false
("Fosl2", "Myb")	true	true
("Batf", "Myo10")	true	true
("Fosl2", "Myo10")	false	false
("Irf4", "Myo18a")	false	false
("Batf", "Naa20")	false	false
("Hif1a", "Narf")	true	true
("Batf", "Nck2")	true	true
("Batf", "Ncoa1")	true	true
("Irf4", "Ncoa1")	false	false
("Batf", "Ncs1")	false	false
("Irf4", "Ncs1")	false	false
("Stat3", "Ncs1")	true	true
("Fosl2", "Ncs1")	false	false
("Hif1a", "Ncs1")	false	false
("Batf", "Ndrg1")	true	false
("Irf4", "Ndrg1")	false	false
("Fosl2", "Ndrg1")	false	false
("Hif1a", "Ndrg1")	true	true
("Hif1a", "Ndrg2")	true	false
("Rorc", "Ndst1")	true	false
("Fosl2", "Nedd4")	true	false
("Batf", "Nedd9")	false	false
("Fosl2", "Nedd9")	false	false
("Hif1a", "Nefh")	false	false
("Irf4", "Nek6")	false	false
("Fosl2", "Nek6")	true	false
("Fosl2", "Nfat5")	false	false
("Batf", "Nfatc1")	true	true
("Fosl2", "Nfatc1")	true	true
("Nfe2l2", "Nfe2l2")	true	false
("Batf", "Nfil3")	true	true
("Irf4", "Nfil3")	false	false
("Stat3", "Nfil3")	false	false
("Rorc", "Nfil3")	false	false
("Fosl2", "Nfil3")	false	false
("Hif1a", "Nfil3")	true	true
("Batf", "Nfkbia")	false	false
("Rorc", "Nfkbia")	false	false
("Fosl2", "Nfkbia")	false	false
("Stat3", "Nfyb")	true	true
("Hif1a", "Nfyb")	true	true
("Batf", "Nlgn2")	false	false
("Stat3", "Nlgn2")	false	false
("Hif1a", "Nlgn2")	true	true
("Irf4", "Npc2")	false	false
("Stat3", "Npc2")	false	false
("Fosl2", "Npc2")	false	false
("Fosl2", "Nr4a1")	false	false
("Batf", "Nr4a3")	false	false
("Irf4", "Nr4a3")	true	false
("Stat3", "Nr4a3")	false	false
("Fosl2", "Nr4a3")	false	false
("Batf", "Nrf1")	true	true
("Irf4", "Nrip1")	false	false
("Irf4", "Nrp1")	true	false
("Rorc", "Nrp1")	false	false
("Fosl2", "Nrp1")	true	true
("Irf4", "Nsg2")	true	true
("Irf4", "Nt5e")	false	false
("Rorc", "Nt5e")	false	false
("Batf", "Ostf1")	true	true
("Irf4", "Ostf1")	false	false
("Stat3", "Ostf1")	false	false
("Rorc", "Ostf1")	false	false
("Fosl2", "Ostf1")	false	false
("Hif1a", "Ostf1")	true	false
("Hif1a", "P4hb")	true	true
("Batf", "Padi2")	false	true
("Stat3", "Padi2")	false	false
("Fosl2", "Padi2")	false	true
("Hif1a", "Pafah1b3")	true	true
("Hif1a", "Parp6")	false	false
("Rorc", "Parp9")	false	false
("Hif1a", "Parp9")	true	true
("Irf4", "Pbx2")	false	false
("Etv6", "Pbx2")	false	false
("Batf", "Pdcd1")	true	true
("Irf4", "Pdcd1")	false	false
("Rorc", "Pdcd1")	false	false
("Fosl2", "Pdcd1")	true	true
("Batf", "Pdcd1lg2")	false	false
("Irf4", "Pdcd1lg2")	true	true
("Fosl2", "Pdcd1lg2")	false	false
("Batf", "Pde6d")	false	false
("Irf4", "Pde6d")	false	false
("Stat3", "Pde6d")	false	false
("Rorc", "Pde6d")	true	false
("Hif1a", "Pde6d")	true	true
("Batf", "Pde7a")	true	true
("Irf4", "Pde7a")	false	false
("Fosl2", "Pde7a")	false	false
("Batf", "Pdpn")	false	false
("Irf4", "Pdpn")	false	false
("Stat3", "Pdpn")	true	true
("Batf", "Pdxp")	true	true
("Hif1a", "Pdxp")	true	true
("Batf", "Perp")	false	false
("Irf4", "Perp")	false	false
("Stat3", "Perp")	false	false
("Irf4", "Pfkp")	false	false
("Hif1a", "Pfkp")	true	true
("Hif1a", "Pgam1")	true	true
("Irf4", "Pgm2")	true	false
("Stat3", "Pgm2")	false	false
("Hif1a", "Pgm2")	true	true
("Irf4", "Pgrmc1")	true	true
("Etv6", "Pgs1")	true	true
("Irf4", "Phlpp1")	false	false
("Rorc", "Phlpp1")	false	false
("Batf", "Phtf2")	true	true
("Irf4", "Phtf2")	true	true
("Irf4", "Picalm")	true	true
("Hif1a", "Piga")	true	true
("Fosl2", "Pim1")	false	false
("Etv6", "Pim1")	false	false
("Batf", "Pkp3")	true	true
("Irf4", "Pkp3")	false	false
("Stat3", "Pkp3")	false	false
("Fosl2", "Pkp4")	false	false
("Irf4", "Pla2g12a")	false	false
("Stat3", "Pla2g12a")	false	true
("Fosl2", "Pla2g12a")	true	true
("Batf", "Plaur")	true	false
("Stat3", "Plaur")	false	false
("Batf", "Plekha1")	false	false
("Batf", "Plekha2")	true	true
("Irf4", "Plekha2")	false	false
("Hif1a", "Plekha2")	true	true
("Irf4", "Plekho1")	false	false
("Hif1a", "Plod2")	true	true
("Hif1a", "Plod3")	true	true
("Batf", "Plxnc1")	false	false
("Irf4", "Plxnc1")	false	false
("Fosl2", "Plxnc1")	false	false
("Rorc", "Plxnd1")	false	false
("Irf4", "Pmepa1")	false	false
("Stat3", "Pmepa1")	false	false
("Irf4", "Pml")	false	false
("Fosl2", "Pml")	false	false
("Fosl2", "Polr3gl")	true	true
("Batf", "Pou2f2")	true	true
("Irf4", "Pou2f2")	true	false
("Irf4", "Ppme1")	false	false
("Hif1a", "Ppme1")	true	true
("Batf", "Ppp3ca")	false	false
("Irf4", "Ppp3ca")	false	false
("Irf4", "Ppp3cc")	false	false
("Stat3", "Ppp3cc")	false	false
("Rorc", "Ppp3cc")	false	false
("Fosl2", "Ppp3cc")	false	false
("Batf", "Prkca")	false	false
("Irf4", "Prkca")	true	false
("Fosl2", "Prkca")	true	true
("Batf", "Prkch")	true	false
("Stat3", "Prkch")	false	false
("Rorc", "Prkch")	false	false
("Fosl2", "Prkch")	true	false
("Batf", "Prkrir")	false	false
("Irf4", "Prkrir")	false	false
("Stat3", "Prkrir")	false	false
("Rorc", "Prnp")	false	false
("Fosl2", "Prnp")	true	false
("Stat3", "Psme2")	false	false
("Irf4", "Psph")	false	false
("Irf4", "Pstpip1")	false	false
("Stat3", "Pstpip1")	true	true
("Hif1a", "Pstpip1")	false	false
("Batf", "Pten")	false	false
("Irf4", "Pten")	true	true
("Batf", "Ptger2")	false	false
("Irf4", "Ptger4")	false	false
("Stat3", "Ptger4")	false	false
("Fosl2", "Ptger4")	false	false
("Hif1a", "Ptpn1")	false	false
("Batf", "Ptpn2")	true	true
("Irf4", "Ptpn2")	false	false
("Rorc", "Ptpn2")	false	false
("Batf", "Ptprj")	true	false
("Stat3", "Ptprj")	true	true
("Rorc", "Ptprj")	false	false
("Fosl2", "Ptprj")	false	false
("Stat3", "Ptprs")	false	false
("Batf", "Pts")	false	false
("Irf4", "Pvt1")	true	true
("Fosl2", "Pxn")	true	true
("Etv6", "Pxn")	false	false
("Irf4", "Pycr1")	false	false
("Fosl2", "Pycr1")	false	false
("Hif1a", "Pycr1")	true	true
("Irf4", "Qprt")	false	false
("Batf", "Qser1")	true	true
("Irf4", "Qser1")	false	false
("Irf4", "R3hdm1")	false	true
("Fosl2", "R3hdm1")	false	false
("Hif1a", "R3hdm1")	true	true
("Irf4", "Rab4b")	false	false
("Batf", "Rab8b")	true	true
("Batf", "Rabgap1l")	true	true
("Irf4", "Rabgap1l")	false	false
("Irf4", "Rabggta")	false	false
("Fosl2", "Rabggta")	false	false
("Hif1a", "Rabggta")	true	false
("Irf4", "Rad52")	false	false
("Fosl2", "Rad52")	false	false
("Hif1a", "Ralb")	true	true
("Stat3", "Rara")	true	true
("Fosl2", "Rara")	false	false
("Hif1a", "Rara")	false	false
("Etv6", "Rara")	false	true
("Irf4", "Rasgrp1")	false	false
("Irf4", "Rassf1")	false	false
("Stat3", "Rassf1")	false	false
("Hif1a", "Rassf1")	true	true
("Batf", "Rbpj")	true	false
("Irf4", "Rbpj")	true	true
("Stat3", "Rbpj")	true	true
("Fosl2", "Rbpj")	false	false
("Stat3", "Rcan3")	true	true
("Fosl2", "Rcan3")	false	false
("Batf", "Rcl1")	true	true
("Fosl2", "Rcl1")	false	false
("Irf4", "Rcsd1")	false	true
("Irf4", "Rel")	true	false
("Fosl2", "Rel")	false	false
("Hif1a", "Rel")	false	false
("Irf4", "Rgs1")	true	false
("Fosl2", "Rgs1")	false	false
("Hif1a", "Rgs1")	true	true
("Hif1a", "Rgs11")	true	true
("Etv6", "Rgs14")	false	false
("Irf4", "Rgs16")	false	false
("Fosl2", "Rgs16")	true	false
("Fosl2", "Rhoq")	true	false
("Irf4", "Riok3")	false	false
("Irf4", "Ripk2")	true	false
("Stat3", "Ripk2")	true	true
("Hif1a", "Ripk2")	false	false
("Hif1a", "Rnf113a1")	true	true
("Fosl2", "Rnf130")	false	false
("Batf", "Rnf149")	false	false
("Rorc", "Rnf149")	false	false
("Hif1a", "Rnf149")	false	false
("Hif1a", "Rnf181")	true	true
("Batf", "Rnf19b")	true	true
("Irf4", "Rnf19b")	false	false
("Stat3", "Rnf19b")	false	false
("Hif1a", "Rnf19b")	false	true
("Irf4", "Rnh1")	false	false
("Stat3", "Rnh1")	false	false
("Hif1a", "Rnh1")	true	true
("Batf", "Rora")	true	false
("Irf4", "Rora")	false	false
("Stat3", "Rora")	false	false
("Rorc", "Rora")	false	false
("Batf", "Rorc")	true	false
("Irf4", "Rorc")	false	false
("Stat3", "Rorc")	true	true
("Rorc", "Rorc")	true	true
("Batf", "Rpn1")	true	true
("Batf", "Rpp14")	true	true
("Stat3", "Rps6ka3")	true	true
("Batf", "Rrad")	true	false
("Irf4", "Rrad")	false	false
("Hif1a", "Rraga")	true	true
("Batf", "Runx1")	false	false
("Stat3", "Runx1")	false	false
("Rorc", "Runx1")	false	false
("Fosl2", "Runx1")	false	false
("Batf", "Runx2")	false	true
("Irf4", "Runx2")	false	false
("Stat3", "Runx2")	false	false
("Batf", "Rxra")	false	false
("Batf", "S100a6")	true	false
("Irf4", "S100a6")	false	false
("Fosl2", "S100a6")	false	false
("Batf", "S1pr1")	true	true
("Irf4", "S1pr1")	false	false
("Stat3", "S1pr1")	false	false
("Irf4", "Samsn1")	true	true
("Irf4", "Sap30")	true	true
("Hif1a", "Sap30")	true	true
("Fosl2", "Sash3")	false	false
("Hif1a", "Sash3")	true	true
("Batf", "Satb1")	false	true
("Irf4", "Satb1")	false	false
("Stat3", "Satb1")	false	false
("Fosl2", "Satb1")	false	false
("Hif1a", "Sav1")	true	true
("Batf", "Sdc3")	false	false
("Fosl2", "Sdc3")	false	false
("Nfe2l2", "Sdc3")	false	false
("Batf", "Sdcbp2")	true	true
("Irf4", "Sdcbp2")	false	false
("Stat3", "Sdcbp2")	false	false
("Fosl2", "Sdcbp2")	false	false
("Batf", "Sell")	false	false
("Irf4", "Sell")	true	false
("Rorc", "Sell")	false	false
("Fosl2", "Sell")	false	false
("Fosl2", "Sema4d")	false	false
("Batf", "Sema4f")	true	true
("Irf4", "Sema4f")	false	false
("Stat3", "Sema4f")	false	false
("Fosl2", "Sema4f")	false	false
("Batf", "Sema7a")	false	false
("Batf", "Sepw1")	true	true
("Stat3", "Serpinb9")	false	false
("Fosl2", "Serpinb9")	false	false
("Batf", "Serpinc1")	false	false
("Batf", "Serpinf1")	true	true
("Irf4", "Serpinf1")	false	false
("Stat3", "Serpinf1")	false	false
("Fosl2", "Serpinf1")	false	false
("Hif1a", "Serpinf1")	true	true
("Stat3", "Sertad1")	false	false
("Nfe2l2", "Sertad1")	false	false
("Hif1a", "Sertad1")	true	false
("Fosl2", "Sertad3")	true	true
("Hif1a", "Sertad3")	false	true
("Irf4", "Sesn1")	true	true
("Batf", "Sesn3")	false	false
("Stat3", "Sesn3")	true	true
("Fosl2", "Sesn3")	true	false
("Fosl2", "Sf3b3")	true	false
("Batf", "Sfmbt2")	false	false
("Fosl2", "Sh2b1")	false	false
("Hif1a", "Sh2b1")	true	true
("Batf", "Sh2d3c")	false	false
("Irf4", "Sh2d3c")	false	false
("Stat3", "Sh2d3c")	false	false
("Batf", "Sh3bp5")	false	false
("Rorc", "Sh3bp5")	false	false
("Batf", "Sik1")	false	false
("Irf4", "Sirt2")	false	false
("Stat3", "Sirt2")	false	true
("Stat3", "Skap2")	true	true
("Stat3", "Ski")	true	true
("Fosl2", "Ski")	true	true
("Irf4", "Skil")	false	false
("Irf4", "Slamf6")	false	false
("Irf4", "Slamf7")	false	false
("Stat3", "Slamf7")	false	false
("Rorc", "Slamf7")	false	false
("Fosl2", "Slamf7")	true	true
("Hif1a", "Slamf7")	true	true
("Irf4", "Slc1a4")	false	false
("Hif1a", "Slc1a4")	true	true
("Irf4", "Slc25a30")	false	false
("Fosl2", "Slc29a3")	false	false
("Stat3", "Slc2a1")	false	false
("Hif1a", "Slc2a1")	true	true
("Hif1a", "Slc39a1")	false	false
("Rorc", "Slc39a14")	true	true
("Rorc", "Slc39a8")	false	false
("Irf4", "Slc3a2")	false	false
("Batf", "Slc4a8")	true	true
("Irf4", "Slc4a8")	true	true
("Batf", "Slco3a1")	true	true
("Irf4", "Slco3a1")	false	false
("Irf4", "Slfn2")	true	true
("Stat3", "Slfn2")	false	false
("Fosl2", "Slfn2")	false	false
("Fosl2", "Smarca2")	true	true
("Batf", "Smox")	false	false
("Irf4", "Smox")	false	false
("Stat3", "Smox")	false	false
("Fosl2", "Smox")	false	false
("Hif1a", "Smox")	true	true
("Fosl2", "Smyd5")	false	false
("Hif1a", "Socs1")	true	true
("Irf4", "Socs2")	false	false
("Stat3", "Socs2")	false	false
("Stat3", "Socs3")	true	true
("Rorc", "Socs3")	false	false
("Fosl2", "Socs3")	false	false
("Hif1a", "Socs3")	false	false
("Etv6", "Socs3")	false	false
("Batf", "Spata6")	true	true
("Irf4", "Spata6")	false	false
("Fosl2", "Spn")	false	false
("Batf", "Spry1")	true	true
("Stat3", "Spry1")	false	false
("Rorc", "Spry1")	false	false
("Batf", "Sptlc1")	true	true
("Batf", "Sqle")	false	false
("Fosl2", "Sqle")	false	false
("Batf", "Sqstm1")	false	false
("Hif1a", "Sra1")	true	true
("Stat3", "Srgn")	true	false
("Fosl2", "Srgn")	false	false
("Batf", "Srpk2")	true	true
("Hif1a", "Ssbp4")	false	false
("Etv6", "Ssbp4")	false	false
("Batf", "St3gal1")	true	true
("Irf4", "St3gal1")	true	true
("Stat3", "St3gal1")	true	true
("Rorc", "St3gal1")	false	false
("Fosl2", "St3gal1")	false	false
("Fosl2", "Stard10")	true	true
("Batf", "Stat3")	true	true
("Irf4", "Stat3")	false	false
("Stat3", "Stat3")	true	true
("Hif1a", "Stat3")	true	false
("Irf4", "Stat4")	false	false
("Rorc", "Stat4")	false	false
("Batf", "Stat5b")	true	true
("Batf", "Stk39")	true	true
("Irf4", "Stk39")	false	false
("Stat3", "Stk39")	false	false
("Rorc", "Stk39")	false	false
("Batf", "Stra6")	false	false
("Irf4", "Stra6")	false	false
("Fosl2", "Stra6")	false	false
("Hif1a", "Sun1")	true	true
("Irf4", "Surf4")	false	false
("Stat3", "Syt11")	false	false
("Batf", "Sytl3")	true	true
("Irf4", "Tab2")	false	false
("Batf", "Tacc2")	true	true
("Batf", "Tapbp")	false	false
("Irf4", "Tapbp")	false	false
("Stat3", "Tapbp")	false	false
("Etv6", "Tapbp")	true	true
("Hif1a", "Tcf25")	true	false
("Batf", "Tec")	true	true
("Irf4", "Tec")	false	false
("Stat3", "Tec")	false	false
("Rorc", "Tec")	false	false
("Hif1a", "Tec")	true	false
("Fosl2", "Tes")	false	false
("Hif1a", "Tes")	true	true
("Rorc", "Tex2")	true	false
("Hif1a", "Tex2")	false	false
("Hif1a", "Tex261")	false	true
("Irf4", "Tgfbr1")	false	false
("Batf", "Tgm2")	false	false
("Stat3", "Tgm2")	false	false
("Rorc", "Tgm2")	false	false
("Fosl2", "Tgm2")	false	false
("Irf4", "Tgoln1")	false	false
("Batf", "Timd2")	false	false
("Stat3", "Timd2")	false	false
("Rorc", "Timd2")	false	false
("Fosl2", "Timd2")	false	false
("Hif1a", "Timd2")	false	false
("Stat3", "Timp1")	true	true
("Batf", "Tiparp")	true	false
("Irf4", "Tiparp")	false	false
("Stat3", "Tiparp")	false	false
("Rorc", "Tiparp")	false	false
("Fosl2", "Tiparp")	false	false
("Hif1a", "Tiparp")	false	false
("Irf4", "Tlcd1")	false	false
("Batf", "Tle1")	true	true
("Batf", "Tmc6")	false	false
("Stat3", "Tmem173")	false	false
("Fosl2", "Tmem173")	false	false
("Batf", "Tmem176b")	false	false
("Irf4", "Tmem176b")	false	false
("Stat3", "Tmem176b")	false	false
("Irf4", "Tmem19")	true	false
("Irf4", "Tmem71")	false	false
("Fosl2", "Tmem71")	true	false
("Batf", "Tmtc4")	false	false
("Irf4", "Tmtc4")	true	true
("Hif1a", "Tmtc4")	false	true
("Irf4", "Tnf")	false	false
("Rorc", "Tnf")	true	false
("Fosl2", "Tnf")	false	false
("Batf", "Tnfaip8")	false	false
("Rorc", "Tnfrsf18")	false	false
("Hif1a", "Tnfrsf18")	true	true
("Batf", "Tnfrsf25")	true	false
("Stat3", "Tnfrsf25")	true	true
("Rorc", "Tnfrsf25")	true	false
("Irf4", "Tnfsf11")	false	false
("Batf", "Tnfsf4")	false	false
("Irf4", "Tnfsf4")	true	true
("Fosl2", "Tnfsf4")	false	false
("Batf", "Tnfsf8")	true	true
("Irf4", "Tnfsf8")	true	true
("Fosl2", "Tnfsf8")	false	false
("Fosl2", "Tnfsf9")	true	true
("Hif1a", "Tnfsf9")	false	false
("Irf4", "Tnip2")	false	false
("Stat3", "Tnip2")	true	true
("Rorc", "Tnip2")	false	false
("Batf", "Tnk2")	true	true
("Irf4", "Tnk2")	false	false
("Stat3", "Tnk2")	false	false
("Rorc", "Tnk2")	false	false
("Fosl2", "Tnk2")	false	false
("Irf4", "Tox")	true	true
("Rorc", "Tox")	false	false
("Fosl2", "Tox")	true	true
("Hif1a", "Tpd52")	true	true
("Batf", "Trat1")	false	false
("Stat3", "Trib1")	false	false
("Fosl2", "Trib1")	true	false
("Stat3", "Trib2")	false	false
("Rorc", "Trib2")	false	false
("Batf", "Trib3")	false	true
("Irf4", "Trib3")	false	false
("Hif1a", "Trib3")	true	true
("Irf4", "Trim12a")	false	true
("Stat3", "Trim12a")	false	false
("Fosl2", "Trim12a")	false	false
("Etv6", "Trim12a")	false	false
("Irf4", "Trp53i13")	false	false
("Batf", "Trps1")	true	true
("Irf4", "Trps1")	false	false
("Etv6", "Trpv2")	false	false
("Fosl2", "Tsc22d3")	true	true
("Stat3", "Tspan13")	false	false
("Fosl2", "Tspan13")	false	false
("Batf", "Tspan2")	true	true
("Irf4", "Tspan2")	false	false
("Fosl2", "Tspan2")	false	false
("Batf", "Tspan5")	false	false
("Stat3", "Tspan5")	true	true
("Batf", "Tubb6")	false	false
("Stat3", "Tubb6")	false	true
("Hif1a", "Tubb6")	false	false
("Fosl2", "Twsg1")	false	false
("Stat3", "Txk")	false	false
("Rorc", "Txk")	false	false
("Fosl2", "Txk")	true	false
("Hif1a", "Ube2v1")	true	true
("Irf4", "Ubtd1")	false	false
("Stat3", "Ubtd1")	false	false
("Fosl2", "Ubtd1")	false	false
("Hif1a", "Ubtd1")	false	false
("Fosl2", "Ucp2")	false	false
("Irf4", "Usp22")	false	false
("Irf4", "Utrn")	false	true
("Fosl2", "Utrn")	true	true
("Hif1a", "Vamp2")	true	false
("Hif1a", "Vapb")	true	true
("Irf4", "Vav3")	true	false
("Hif1a", "Vdac1")	true	false
("Hif1a", "Vegfb")	false	true
("Batf", "Vim")	true	true
("Hif1a", "Vim")	false	false
("Batf", "Vps37b")	true	true
("Rorc", "Vps37b")	false	false
("Fosl2", "Vps37b")	false	false
("Hif1a", "Vps54")	true	true
("Batf", "Vrk2")	true	false
("Batf", "Wdfy2")	true	true
("Irf4", "Wdfy2")	false	false
("Stat3", "Wdfy2")	false	false
("Rorc", "Wdfy2")	true	true
("Batf", "Wdr1")	false	false
("Irf4", "Wdr1")	false	false
("Stat3", "Wdr1")	false	false
("Batf", "Wdr81")	true	true
("Stat3", "Wdr81")	false	false
("Fosl2", "Wdr81")	false	false
("Hif1a", "Wdr81")	true	true
("Batf", "Wipf1")	false	false
("Hif1a", "Wipf1")	true	false
("Batf", "Wwp1")	true	true
("Irf4", "Wwp1")	false	false
("Stat3", "Wwp1")	false	false
("Fosl2", "Wwp1")	false	false
("Hif1a", "Xpnpep1")	true	true
("Batf", "Ypel3")	false	false
("Batf", "Ypel5")	true	true
("Irf4", "Ypel5")	false	false
("Stat3", "Ypel5")	false	false
("Fosl2", "Ypel5")	true	false
("Batf", "Zbp1")	true	true
("Irf4", "Zbp1")	false	false
("Rorc", "Zbp1")	false	false
("Fosl2", "Zbp1")	false	false
("Batf", "Zeb1")	true	false
("Etv6", "Zfp36")	false	false
("Batf", "Zfp36l1")	false	false
("Irf4", "Zfp36l1")	false	true
("Etv6", "Zfp36l1")	true	true
("Stat3", "Zfp36l2")	false	false
("Etv6", "Zfp36l2")	false	false
("Irf4", "Zfp7")	false	false
("Fosl2", "Znrf1")	true	true
